#,categories,brands,products,publishedPosts,scheduledPosts,plan
2828,2,3,168,592,0,Agency
964,56,34,3997,465892,12992,Agency
2779,23,1,292,0,0,Free
4428,8,6,17,0,0,Free
3502,6,1,11,1,0,Free
729,8,47,20000,3900,468,Free
3794,15,3,274,222,36,Free
2720,26,1,136,62,12,Free
1723,10,1,375,0,0,Free
2313,5,1,415,0,0,Free
3878,8,8,53,1,0,Free
1371,19,1,647,36,4,Free
3385,33,3,68,27,0,Free
394,3,6,12,11,0,Free
555,39,1,389,105,0,Free
1531,20,59,237,0,0,Free
3077,16,1,77,0,0,Free
167,167,36,975,819,0,Free
3725,29,1,235,3,0,Free
2224,5,2,136,1,0,Free
2780,82,5,287,0,0,Free
4833,8,2,12,4,0,Free
1949,23,16,248,0,0,Free
3917,0,1,2,0,0,Free
1381,127,5,457,8,0,Free
2225,5,2,123,3,0,Free
3921,2,1,6515,0,0,Free
4815,5,1,24,0,0,Free
4813,1,1,4,0,0,Free
1287,2,1,11,0,0,Free
2310,60,30,595,4,0,Free
3583,4,1,109,0,0,Free
2914,3,1,123,0,0,Free
2870,23,1,92,1,0,Free
3225,30,59,133,0,0,Free
1421,4,1,3,0,0,Free
1738,1,1,3,0,0,Free
1928,8,1,12,0,0,Free
1927,8,1,12,65,0,Free
3228,64,1,199,0,0,Free
3835,4,1,28,32,0,Free
4821,5,1,12,0,0,Free
200,18,1,127,0,0,Free
1586,19,3,126,0,0,Free
2736,9,3,19,0,0,Free
3991,15,2,206,10,0,Free
2520,28,8,566,18,0,Free
2826,6,9,102,0,0,Free
1395,45,390,3387,15,0,Free
2712,9,3,513,26,0,Free
2771,5,1,40,0,0,Free
4433,1,1,3,0,0,Free
3970,1,1,10,4,0,Free
3229,64,1,200,0,0,Free
4584,4,1,17,90,0,Free
2084,5,1,30,0,0,Free
510,17,4,18,8,0,Free
4072,7,14,64,0,0,Free
3885,11,2,19,0,0,Free
3719,23,2,758,0,0,Free
2603,6,1,48,44,0,Free
852,228,92,2887,0,0,Free
4222,26,4,101,0,0,Free
2822,164,15,3599,30,0,Free
3610,2,1,118,0,0,Free
1811,5,1,28,0,0,Free
2650,165,49,11511,0,0,Free
3766,57,1,2233,0,0,Free
1915,20,1,74,144,0,Free
3966,2,1,81,0,0,Free
2143,7,4,118,68,0,Free
3716,5,1,25,0,0,Free
3234,42,1,171,0,0,Free
1091,32,12,145,0,0,Free
4134,11,1,115,0,0,Free
3460,5,2,11,0,0,Free
2881,32,2,119,0,0,Free
4860,59,1,115,30,0,Free
3419,21,61,357,130,0,Free
2511,7,2,67,0,0,Free
2482,13,2,150,0,0,Free
4034,2,1,25,0,0,Free
2007,1,1,6,0,0,Free
4378,1,2,18,0,0,Free
3739,4,2,27,0,0,Free
806,282,18,8493,0,0,Free
3108,2,1,3,0,0,Free
1370,11,1,16,36,0,Free
1013,12,35,66,108,0,Free
4040,12,1,26,210,0,Free
3343,19,1,89,6,0,Free
1215,1,1,17,0,0,Free
1545,30,1,138,0,0,Free
2186,9,1,38,0,0,Free
4605,11,11,79,99,0,Free
2478,19,1,73,27,0,Free
2499,10,3,27,0,0,Free
1526,47,47,298,96,0,Free
1908,315,4,632,0,0,Free
946,12,23,74,0,0,Free
4872,371,1,434,0,0,Free
4088,4,1,0,0,0,Free
3097,10,1,43,0,0,Free
3427,4,1,9,0,0,Free
2928,17,1,115,4,0,Free
4626,5,1,23,0,0,Free
1727,12,1,157,0,0,Free
4487,9,1,24,0,0,Free
3570,2,1,1,0,0,Free
2222,6,1,20,14,0,Free
3085,3,1,12,0,0,Free
2989,13,11,76,0,0,Free
4848,15,1,189,0,0,Free
2211,19,1,338,0,0,Free
1957,34,2,122,0,0,Free
756,12,1,21,4,0,Free
1173,113,60,1430,0,0,Free
398,15,1,24,0,0,Free
2705,2,1,2,0,0,Free
2262,7,1,186,0,0,Free
2067,28,3,153,0,0,Free
3196,1,2,44,10,0,Free
3184,21,2,320,0,0,Free
3017,14,1,26,0,0,Free
3506,4,2,40,90,0,Free
3514,6,3,24,0,0,Free
4006,26,1,186,4,0,Free
3037,1,1,6,0,0,Free
2213,2,1,7,4,0,Free
3235,29,2,1441,20,0,Free
4781,4,2,56,6,0,Free
1519,158,3,471,392,0,Free
3973,7,1,24,0,0,Free
4274,10,3,64,11615,480,Free
4614,1,1,3,0,0,Free
1685,57,3,385,148,0,Free
2531,13,5,37,8,0,Free
1929,8,1,73,6,0,Free
965,154,542,4005,0,0,Free
3600,11,3,119,0,0,Free
4793,13,15,65,18,0,Free
4779,9,3,602,0,0,Free
3373,4,3,55,3,0,Free
570,13,94,13359,0,0,Free
4562,1,1,12,0,0,Free
3523,45,1,687,0,0,Free
2321,6,1,55,0,0,Free
1424,6,8,41,5,0,Free
609,1,2,17,0,0,Free
4753,6,2,43,1,0,Free
3253,1,1,5,0,0,Free
1374,9,2,161,0,0,Free
3540,9,5,188,0,0,Free
1610,61,14,342,2,0,Free
4785,1,2,196,0,0,Free
4121,1,3,688,6,0,Free
3476,5,1,9,4,0,Free
4853,39,1,113,0,0,Free
2540,7,1,34,0,0,Free
2393,105,1,2087,0,0,Free
3446,10,1,55,781,0,Free
2860,565,1211,44843,120,0,Free
2578,55,3,494,5,0,Free
1373,6,3,72,0,0,Free
323,5,1,26,1053,299,Free
1107,20,1,421,0,0,Free
3447,9,25,76,0,0,Free
4382,18,2,351,2175,75,Free
2833,2,1,197,0,0,Free
4008,1,2,8,0,0,Free
180,10,3,250,0,0,Free
4411,13,1,84,444,12,Free
20,108,15,2911,9,0,Free
4677,3,1,2,4,0,Free
3698,487,32,765,126,0,Free
4434,1,1,0,0,0,Free
2355,7,1,10,0,0,Free
1301,2,1,6,6,0,Free
3463,138,4110,33012,0,0,Free
304,50,1,479,0,0,Free
4543,116,1,719,0,0,Free
1238,83,1,1849,0,0,Free
996,26,789,2635,0,0,Free
2183,22,10,75,116,0,Free
2501,17,1,525,0,0,Free
2182,13,10,54,5,0,Free
1218,179,29,4300,0,0,Free
2733,123,2,927,0,0,Free
3883,9,1,89,0,0,Free
1496,9,46,130,0,0,Free
1611,18,8,152,4,0,Free
4786,1,1,0,0,0,Free
2580,5,1,26,6,0,Free
4080,7,1,135,0,0,Free
1645,36,1,1795,0,0,Free
2652,135,49,15748,0,0,Free
181,10,3,182,0,0,Free
4782,3,2,1,0,0,Free
899,25,2,41,0,0,Free
1416,25,1,17414,0,0,Free
3702,18,1,83,20,0,Free
1678,38,7,282,0,0,Free
3293,7,1,43,0,0,Free
3013,1,1,7,16,0,Free
2689,24,6,462,33,0,Free
3027,10,1,41,741,0,Free
1372,8,3,32,16944,0,Free
2051,12,1,14,0,0,Free
1590,17,2,48,0,0,Free
1581,10,39,111,2,0,Free
1820,16,1,337,9,0,Free
4531,8,1,110,0,0,Free
2931,3,1,19,108,0,Free
2394,61,1,127,1665,0,Free
1390,18,1,94,0,0,Free
4760,9,1,194,34,0,Free
785,16,2,148,336,0,Free
4371,11,1,21,30,0,Free
1673,7,1,9,0,0,Free
2496,7,55,66,0,0,Free
4573,1,1,21,0,0,Free
277,17,1,40,0,0,Free
1656,39,32,2384,0,0,Free
2086,7,2,82,0,0,Free
376,33,1,155,0,0,Free
2651,134,49,11866,36,0,Free
4292,13,11,615,8,0,Free
1125,11,2,42,0,0,Free
3226,9,2,84,0,0,Free
4197,5,1,43,104,20,Free
188,18,2,157,388,8,Free
4416,4,1,11,7,0,Free
3748,,1,,0,0,Free
1652,,4,,4,0,Free
3494,,3,,0,0,Free
3639,,1,,6,0,Free
1886,11,1,328,24,0,Free
4784,,1,,110,4,Free
1618,126,6,348,0,0,Free
4582,4,1,10,0,0,Free
2062,78,19,4322,2,0,Free
4607,10,4,51,183,0,Free
4695,13,10,70,286,0,Free
2694,19,3,222,8,0,Free
4770,4,1,6,0,0,Free
1452,22,1,97,0,0,Free
4764,1,1,25,210,0,Free
713,13,1,76,3249,266,Free
393,16,3,824,0,0,Free
1806,44,9,136,0,0,Free
3264,24,1,94,352,0,Free
4280,7,1,7,5,0,Free
724,32,4,137,0,0,Free
2035,16,23,195,0,0,Free
4701,6,1,33,0,0,Free
4702,6,1,33,0,0,Free
2837,24,1,24,0,0,Free
4223,59,4,1,4,0,Free
2398,12,4,133,99,0,Free
1167,2,1,9,0,0,Free
3181,1,1,1,0,0,Free
981,37,9,265,16,0,Free
1447,201,636,2956,0,0,Free
1883,21,1,231,651,21,Free
2165,15,194,8801,16,0,Free
4716,40,89,2119,0,0,Free
4219,6,1,53,0,0,Free
3448,8,2,20,12,0,Free
4275,5,1,50,32,0,Free
2197,1,2,0,0,0,Free
787,5,2,8,0,0,Free
1100,,39,,0,0,Free
1307,11,4,20,84,0,Free
2251,1,1,41,10,0,Free
4201,11,1,73,315,0,Free
592,77,64,1329,0,0,Free
914,44,1,1978,0,0,Free
3369,5,28,106,0,0,Free
4868,14,1,144,18,0,Free
3383,145,13,6666,30,0,Free
885,,5,,0,0,Free
2681,42,71,1189,510,54,Free
198,28,7,56,0,0,Free
4693,16,1,406,0,0,Free
2405,34,6,964,0,0,Free
3727,5,1,35,0,0,Free
3641,4,2,26,28,0,Free
675,,5,,0,0,Free
3182,8,2,127,0,0,Free
1288,3,1,11,6,0,Free
2011,19,2,102,8,0,Free
4057,3,1,23,3,0,Free
4276,9,2,1,3,0,Free
3553,8,59,162,0,0,Free
1967,7,1,28,0,0,Free
3887,99,56,1035,0,0,Free
2767,81,1,276,330,12,Free
2227,16,16,196,4,0,Free
1616,18,3,309,357,7,Free
1566,5,1,17,0,0,Free
3541,20,1,787,6,0,Free
2807,16,50,306,0,0,Free
3469,7,1,8,0,0,Free
3376,21,4,55,0,0,Free
2462,7,1,5,0,0,Free
4755,,1,,0,0,Free
2546,7,4,151,0,0,Free
905,128,65,196,0,0,Free
983,8,2,57,0,0,Free
3207,0,2,0,0,0,Free
2594,8,1,88,96,0,Free
2360,12,1,45,140,0,Free
1885,74,1,2142,300,0,Free
1271,6,2,124,5290,230,Free
2155,5,1,25,24,0,Free
3000,5,4,10,0,0,Free
3656,7,3,34,0,0,Free
4175,7,9,85,0,0,Free
3722,41,2,44,6,0,Free
3728,5,1,30,0,0,Free
698,12,2,47,0,0,Free
4053,1,1,1,0,0,Free
2263,2,2,13,3,0,Free
2162,10,3,8,0,0,Free
3752,23,2,185,24,0,Free
850,97,94,1210,0,0,Free
142,18,2,64,150,0,Free
3562,10,1,56,0,0,Free
2063,78,19,3966,28,0,Free
3912,14,1,117,0,0,Free
2324,14,2,125,892,24,Free
1444,1,1,48,0,0,Free
2812,43,2,277,1600,0,Free
189,146,198,10168,1140,35,Free
1654,8,3,31,0,0,Free
3043,1,1,49,6,0,Free
4576,6,1,19,0,0,Free
3826,8,1,118,36,0,Free
1258,37,31,1086,0,0,Free
1943,37,4,107,4,0,Free
2287,14,2,215,564,0,Free
1860,14,1,54,195,0,Free
4637,8,1,35,0,0,Free
1465,29,12,287,290,0,Free
2802,56,9,303,0,0,Free
3224,,6705,,0,0,Free
3485,25,1,500,482,12,Free
3486,25,1,500,0,0,Free
1969,12,2,255,0,0,Free
3628,16,3,7,0,0,Free
1312,119,17,6439,0,0,Free
2043,7,1,127,0,0,Free
874,22,37,193,0,0,Free
1959,7,1,20,0,0,Free
4578,7,18,10,0,0,Free
1227,48,3,61,0,0,Free
3084,165,9,723,504,14,Free
2190,64,5,1168,0,0,Free
1393,70,13,6343,0,0,Free
782,7,3,183,0,0,Free
3890,25,26,239,0,0,Free
2113,14,4,276,1,0,Free
4489,11,1,66,0,0,Free
2523,19,9,173,8,0,Free
2458,146,31,2151,0,0,Free
2126,4,2,22,0,0,Free
2424,15,1,116,0,0,Free
1731,3,2,12,0,0,Free
4164,50,142,1646,0,0,Free
763,23,1,153,0,0,Free
1166,,16,,0,0,Free
3457,25,3,126,0,0,Free
1734,34,23,962,0,0,Free
966,17,3,415,0,0,Free
2053,43,1,40,0,0,Free
884,9,1,216,3,0,Free
2357,6,1,93,108,0,Free
3121,1,1,1,0,0,Free
1824,6,2,271,0,0,Free
3110,8,1,9,0,0,Free
3987,,37,,2,0,Free
3866,13,1,39,0,0,Free
941,18,37,444,0,0,Free
203,8,4,21,0,0,Free
671,8,1,37,0,0,Free
2527,3,2,11,0,0,Free
4017,1,1,1,0,0,Free
2378,32,26,606,0,0,Free
855,26,1,31,0,0,Free
4297,8,1,28,0,0,Free
3703,,1,,0,0,Free
404,31,13,354,280,0,Free
2819,55,2,118,0,0,Free
4706,,21,,2,0,Free
4850,,1,,0,0,Free
2912,,1,,0,0,Free
893,27,1,45,0,0,Free
1974,21,1,451,0,0,Free
1846,93,67,1643,90,0,Free
2913,22,1,112,0,0,Free
1144,18,7,152,0,0,Free
2888,353,66,1721,0,0,Free
2283,10,2,33,0,0,Free
2402,9,1,18,1,0,Free
4575,20,1,32,0,0,Free
1903,6,1,10,0,0,Free
638,9,1,4,0,0,Free
505,40,54,298,616,0,Free
1448,23,16,210,0,0,Free
479,271,276,974,0,0,Free
4127,3,1,17,0,0,Free
2878,20,1,84,0,0,Free
4711,4,1,24,762,15,Free
4281,9,1,48,40,0,Free
2937,0,1,5,0,0,Free
4609,,2993,,1,0,Free
403,,96,,0,0,Free
3102,1,1,7,0,0,Free
343,91,22,402,25,0,Free
2636,4,2,18,0,0,Free
2637,4,2,11,0,0,Free
334,407,31,412,0,0,Free
330,13,10,65,0,0,Free
3786,7,4,11,0,0,Free
630,57,2,79,0,0,Free
684,54,1,1762,0,0,Free
4855,137,1,7244,0,0,Free
3834,4,2,19,0,0,Free
4033,1,1,31,0,0,Free
4699,8,1,41,0,0,Free
716,16,1,176,0,0,Free
4568,11,1,601,0,0,Free
4852,35,1,810,360,0,Free
972,68,27,1093,0,0,Free
1599,27,1,73,0,0,Free
4619,6,1,2,0,0,Free
314,51,41,1281,44,0,Free
315,51,41,1281,0,0,Free
4671,8,1,29,570,16,Free
165,989,487,10877,0,0,Free
4554,4,1,114,0,0,Free
2990,3,1,7,0,0,Free
4266,48,2,73,0,0,Free
4229,3,28,0,0,0,Free
1613,18,95,130,600,0,Free
2220,15,130,487,5,0,Free
4231,15,2,161,0,0,Free
4703,3,1,3,0,0,Free
4020,27,1,163,0,0,Free
3078,25,2,170,0,0,Free
3337,21,1,478,6,0,Free
155,39,51,335,3,0,Free
4555,27,1,686,0,0,Free
4556,27,1,686,0,0,Free
1747,5,5,62,688,24,Free
4500,50,1,331,4,0,Free
1172,9,1,222,4,0,Free
3232,70,37,1051,160,0,Free
3095,7,2,82,0,0,Free
2741,17,5,47,0,0,Free
2606,29,3,366,0,0,Free
2739,18,8,247,3,0,Free
3635,7,1,101,0,0,Free
4226,48,162,1158,0,0,Free
3353,1,1,9,0,0,Free
3636,7,1,101,0,0,Free
2563,60,42,877,0,0,Free
2346,5,1,240,0,0,Free
4691,6,1,88,0,0,Free
2072,20,321,446,4,0,Free
4683,0,1,1,0,0,Free
4696,10,10,288,520,0,Free
3003,99,18,977,0,0,Free
3567,16,4,30,3429,342,Free
2442,43,2,114,2,0,Free
4624,,1,,0,0,Free
3568,5,1,19,0,0,Free
4227,48,162,1159,9,0,Free
4875,,1,,0,0,Free
4170,5,3,40,0,0,Free
2285,86,5,114,0,0,Free
3100,16,4,115,0,0,Free
2908,14,2,51,0,0,Free
1042,89,1,3010,0,0,Free
311,253,68,1853,36,0,Free
1221,13,4,155,3630,120,Free
963,11,1,103,0,0,Free
3325,9,4,86,0,0,Free
1657,76,2,75,2912,14,Free
906,102,65,202,0,0,Free
947,10,2,49,1,0,Free
1774,15,3,89,0,0,Free
833,221,223,7152,0,0,Free
4597,,1,,0,0,Free
725,31,12,201,371,0,Free
3019,11,1,72,0,0,Free
1397,6,1,134,0,0,Free
600,190,6,80,0,0,Free
3692,58,5,114,1440,192,Free
726,30,12,190,46,0,Free
3242,10,2,60,0,0,Free
727,27,12,160,357,0,Free
1239,3,1,55,0,0,Free
141,179,259,7167,0,0,Free
4426,1,1,0,0,0,Free
4598,46,1,302,0,0,Free
868,6,4,23,2,0,Free
1190,,24,,0,0,Free
1140,51,25,2195,0,0,Free
4380,15,1,605,0,0,Free
4423,6,1,388,0,0,Free
1575,30,1,345,72,0,Free
2590,14,2,104,0,0,Free
2443,41,2,90,21,0,Free
2948,18,1,208,0,0,Free
1294,35,11,4753,235,0,Free
1660,90,160,2852,1,0,Free
3444,,2,,0,0,Free
4185,21,5,154,1,0,Free
2988,7,1,6,0,0,Free
643,10,1,25,0,0,Free
1692,31,15,1199,0,0,Free
1972,5,84,108,0,0,Free
4302,23,1,398,0,0,Free
3577,4,1,12,40,0,Free
149,20,1,47,0,0,Free
1508,111,23218,42132,0,0,Free
4649,15,7,2534,0,0,Free
1688,29,4,643,91,0,Free
3958,1,1,3,0,0,Free
3249,23,1,2290,0,0,Free
3250,26,1,1706,0,0,Free
1243,13,3,250,1,0,Free
1378,199,209,480,0,0,Free
16,51,1,2,12,0,Free
927,138,141,2775,1275,21,Free
538,41,101,552,0,0,Free
4244,18,1,147,0,0,Free
1646,23,1,296,0,0,Free
1481,2,7,101,180,0,Free
25,468,15,2516,64,0,Free
968,73,184,1687,407,0,Free
2138,4,1,16,0,0,Free
700,13,2,50,10,0,Free
1008,973,60,16865,6170,1760,Free
886,49,1,234,8,0,Free
1775,15,3,43,27,0,Free
4205,5,3,79,5,0,Free
2428,14,1,30,0,0,Free
4552,2,3,20,0,0,Free
2973,5,1,40,0,0,Free
539,39,101,399,0,0,Free
3203,6,1,74,0,0,Free
1275,49,10,775,0,0,Free
2790,14,1,271,0,0,Free
704,8,36,51,2,0,Free
795,18,14,224,0,0,Free
2853,9,34,23,2,0,Free
2925,4,1,22,92,0,Free
2839,107,43,2652,4650,0,Free
3421,4,1,3,2,0,Free
1954,30,52,875,0,0,Free
4507,5,24,84,0,0,Free
730,36,23,164,0,0,Free
1687,30,4,643,4,0,Free
1582,65,23,6758,1,0,Free
4190,11,1,1,0,0,Free
518,27,2,22,60,0,Free
1466,18,12,128,228,0,Free
4437,2,2,0,0,0,Free
962,19,1,316,0,0,Free
1359,12,2,293,0,0,Free
745,202,2,396,2,0,Free
4505,10,3,43,11,0,Free
3896,1,1,14,0,0,Free
1004,71,350,941,0,0,Free
2901,11124,11,4578,0,0,Free
3533,21,1,54,0,0,Free
1005,71,350,941,0,0,Free
1131,55,42,159,0,0,Free
2061,20,1,153,0,0,Free
507,144,376,11446,4,0,Free
1021,20,13,50,0,0,Pro
2377,236,64,29476,3,0,Pro
4864,26,1,216,0,0,Pro
2234,24,1,488,6,0,Pro
2193,12,42,106,59,0,Pro
371,7,3,9,0,0,Pro
4116,11,1,16,0,0,Pro
3569,8,1,32,14,0,Pro
2347,27,30,257,56,7,Pro
549,21,1,50,0,0,Pro
2307,49,64,189,69,0,Pro
2158,17,3,291,270,30,Pro
3498,9,1,36,23,0,Pro
3482,6,1,48,4,0,Pro
3942,33,1,175,0,0,Pro
2529,24,1,251,2,0,Pro
2587,24,1,2377,25,0,Pro
2333,16,2,198,68,8,Pro
3849,13,2,42,1,0,Pro
2195,1,1,10,0,0,Pro
682,87,38,208,80,0,Pro
2854,22,3,448,352,140,Pro
3957,10,3,29,2,0,Pro
4085,8,2,65,0,0,Pro
24,114,30,1274,0,0,Pro
4829,29,1,1989,0,0,Pro
2632,41,1,600,4048,192,Pro
2714,10,4,42,0,0,Pro
3935,68,1,2611,0,0,Pro
3690,1,2,1,26,0,Pro
1716,24,4,413,87,6,Pro
2196,1,1,10,5,0,Pro
3916,2,1,4,0,0,Pro
4826,9,1,191,30,0,Pro
1715,55,3,167,0,0,Pro
4809,6,2,20,32,0,Pro
4825,9,1,191,120,0,Pro
4036,38,3,346,0,0,Pro
289,7,2,145,0,0,Pro
876,21,3,1194,580,72,Pro
3843,49,1,937,0,0,Pro
4720,13,5,223,0,0,Pro
4863,255,1,2798,324,28,Pro
1948,26,101,719,152,0,Pro
3838,24,1,330,85,6,Pro
2249,1,1,3,21,0,Pro
4822,10,1,208,0,0,Pro
883,8,467,192,664,56,Pro
524,227,1,1658,5684,546,Pro
2903,103,1,192,184,0,Pro
4184,61,1,1678,160,0,Pro
2476,14,1,360,204,14,Pro
537,13,1,260,5400,420,Pro
4086,129,48,11234,12,0,Pro
1411,58,2,338,387,0,Pro
2419,6,1,407,55,0,Pro
4792,12,1,410,934,20,Pro
2418,6,1,407,2,0,Pro
3146,4,1,17,168,22,Pro
3595,13,1,133,9537,2728,Pro
378,269,953,23838,2,0,Pro
3299,8,2,27,12,0,Pro
3574,0,13,0,0,0,Pro
3308,9,1,1356,1920,0,Pro
3945,5,2,58,115,0,Pro
420,56,3,279,4975,495,Pro
3212,15,1,218,1090,0,Pro
3400,14,2,257,198,0,Pro
2413,3,1,6,12,0,Pro
3983,5,1,1227,28,0,Pro
839,22,7,4609,609,30,Pro
4178,13,1,2288,0,0,Pro
819,1,1,73,4605,285,Pro
3686,1,1,1,0,0,Pro
4081,1,2,5,0,0,Pro
4803,10,1,36,2,0,Pro
2867,172,14,2243,3381,0,Pro
4444,0,1,1,3,0,Pro
3508,5,2,13,30,0,Pro
2824,0,4,115,13,0,Pro
506,29,4,1016,0,0,Pro
1118,5,5,4,22392,0,Pro
2311,4,1,44,0,0,Pro
3706,6,7,130,12,0,Pro
3510,10,1,209,4,0,Pro
2362,51,1,1872,0,0,Pro
771,58,2,425,54,0,Pro
3390,3,1,16,3311,0,Pro
4804,6,1,19,216,0,Pro
183,65,1,1294,8162,672,Pro
897,364,1,1649,1204,0,Pro
4022,4,2,4,0,0,Pro
212,81,9,692,6678,455,Pro
3888,1,1,1,4,0,Pro
2093,13,1,59,1482,0,Pro
958,110,2,404,142,0,Pro
3355,29,1,3861,798,42,Pro
4866,23,1,47,272,0,Pro
3902,7,1,70,28,0,Pro
4291,8,2,146,452,24,Pro
3671,18,2,228,4608,240,Pro
4183,9,1,21,0,0,Pro
2993,20,1,104,10080,450,Pro
974,4,1,6,630,0,Pro
3501,1,1,122,446,26,Pro
385,271,444,2279,561,42,Pro
2644,256,1,11685,3008,48,Pro
1649,15,2,130,56,0,Pro
2046,7,1,27,195,0,Pro
3833,5,1,24,2,0,Pro
1717,21,4,379,186,0,Pro
4083,15,1,56,0,0,Pro
1829,37,1,79,0,0,Pro
4309,9,1,115,7035,0,Pro
521,15,2,33,1088,0,Pro
4308,8,1,91,960,0,Pro
3840,11,20,48,6,0,Pro
1506,8,2,54,16,0,Pro
2406,14,1,52,40,0,Pro
3607,25,1,132,0,0,Pro
2099,118,1,9318,8730,750,Pro
541,66,2,1648,4176,384,Pro
2744,39,1,1580,472,0,Pro
985,21,17,1056,1988,140,Pro
1264,5,1,122,3,0,Pro
3769,9,1,0,18,0,Pro
1483,40,3,591,4088,200,Pro
3464,0,1,1,0,0,Pro
3334,3,2,3,770,0,Pro
1262,51,1,236,88,0,Pro
816,14,1,463,0,0,Pro
2030,24,2,468,88,0,Pro
173,6,1,248,2472,104,Pro
2159,30,3,241,1210,0,Pro
4381,46,19,142,3696,196,Pro
3770,6,1,20,21,0,Pro
836,37,1,283,2930,55,Pro
1128,52,2,142,3,0,Pro
2479,20,1,221,1620,252,Pro
3191,36,1,625,672,0,Pro
4857,86,1,202,11564,1204,Pro
1303,441,3036,27655,9504,72,Pro
2170,25,2,55,2448,24,Pro
2655,60,2,1398,936,0,Pro
3704,21,32,101,330,0,Pro
4482,34,1,532,232,0,Pro
4791,12,1,393,10300,700,Pro
1116,37,1,707,2680,130,Pro
2000,7,1,321,1944,300,Pro
486,1183,31,53801,1016,48,Pro
4790,43,1,1995,2385,0,Pro
1779,19,12,72,0,0,Pro
3241,58,2,811,1866,114,Pro
4854,64,1,2099,0,0,Pro
4038,8,2,92,660,0,Pro
719,28,1,108,12,0,Pro
2412,4,1,6,32,0,Pro
1473,29,95,235,24,0,Pro
3788,12,1,12,5,0,Pro
3560,34,1,5879,1565,70,Pro
4763,2,2,4,1680,0,Pro
3623,25,2,70,0,0,Pro
1887,44,1,1055,1000,0,Pro
1757,14,49,949,12,0,Pro
4254,1,5,0,0,0,Pro
2194,6,1,82,808,0,Pro
2556,1,4,65,9,0,Pro
3322,9,1,49,0,0,Pro
1916,23,1,324,630,0,Pro
1899,33,2,117,20990,2210,Pro
3846,1,2,5,0,0,Pro
4220,348,40,15871,12,0,Pro
1112,7,3,499,0,0,Pro
2768,22,1,377,1952,48,Pro
1832,9,13,141,81,0,Pro
2654,23,2,371,1045,0,Pro
4142,95,1,1354,0,0,Pro
3129,4,1,17,136,0,Pro
485,128,59,8847,0,0,Pro
2761,18,2,626,940,35,Pro
3503,12,1,17,0,0,Pro
1705,5,1,35,0,0,Pro
4577,1,1,1,1458,21,Pro
3745,22,1,115,3300,204,Pro
2792,11,3,226,1056,0,Pro
2530,6,2,7,3,0,Pro
1826,43,1,240,1716,0,Pro
2097,14,1,42,0,0,Pro
1905,6,18,440,135,0,Pro
4419,17,1,150,4316,156,Pro
2551,12,3,57,0,0,Pro
4154,7,2,84,18900,750,Pro
1250,14,1,571,2456,108,Pro
1293,1017,1,28781,2492,44,Pro
2633,727,699,19210,7304,132,Pro
3082,62,1,560,2436,0,Pro
359,22,3,41,0,0,Pro
3049,78,8,1040,5100,180,Pro
4756,38,1,5477,0,0,Pro
2759,16,81,3187,5135,182,Pro
3968,4,1,8,0,0,Pro
32,25,6,449,156,0,Pro
3319,6,1,24,8404,363,Pro
3302,6,4,34,0,0,Pro
4510,27,2023,23969,170,0,Pro
3350,14,1,36,867,0,Pro
4783,7,1,37,0,0,Pro
680,130,41,10306,0,0,Pro
3052,6,1,30,0,0,Pro
3662,6,1,130,0,0,Pro
1619,18,1,199,28,0,Pro
1706,4,1,27,0,0,Pro
4046,24,1,89,12,0,Pro
2081,13,2,467,0,0,Pro
4787,2,3,83,35,0,Pro
2910,82,1,810,3364,0,Pro
1819,35,1,18432,0,0,Pro
2671,7,1,22,406,0,Pro
1845,16,2,482,0,54,Pro
622,81,2,476,8580,0,Pro
2552,12,3,57,0,0,Pro
4172,4,2,80,0,0,Pro
3321,21,1,84,6,0,Pro
2217,68,30,88,395,0,Pro
613,20,1,310,0,0,Pro
4741,9,2,69,36,0,Pro
3233,7,1,14,340,0,Pro
1932,13,2,114,10688,0,Pro
2933,7,30,1386,558,16,Pro
1901,3,1,55,7368,228,Pro
4862,327,1,17583,2286,408,Pro
3819,5,1,32,856,20,Pro
2326,27,2,86,0,0,Pro
3340,6,1,114,9,0,Pro
2284,11,1,24,8,0,Pro
3918,2,1,118,228,28,Pro
4106,34,1,211,895,35,Pro
3933,21,2,105,4818,77,Pro
1263,5,1,106,3,0,Pro
1921,20,3,49,1000,0,Pro
2544,9,3,75,0,0,Pro
4778,3,1,8,2,0,Pro
4475,11,1,22,4,0,Pro
1758,9,49,506,0,0,Pro
4732,5,4,46,990,0,Pro
3186,11,2,9,0,0,Pro
4124,12,2,70,904,56,Pro
3672,9,1,6,0,0,Pro
2392,1,2,157,60,0,Pro
2980,40,3,665,249,0,Pro
872,,1,,0,0,Pro
3278,,1,,531,0,Pro
1855,12,1,1412,4416,324,Pro
1909,18,2,101,4266,63,Pro
2517,,1,,0,0,Pro
1772,,4,,168,0,Pro
4571,8,1,131,0,0,Pro
2524,66,1,4390,16830,0,Pro
2466,15,3,185,840,0,Pro
1184,66,1,273,26688,608,Pro
1577,315,14,1207,1755,0,Pro
2866,15,1,180,12,0,Pro
2525,33,1,359,47150,0,Pro
2266,15,12,194,5537,0,Pro
4749,6,1,31,0,0,Pro
2855,10,4,94,63,0,Pro
1987,25,6,299,3232,336,Pro
4521,12,1,10,8,0,Pro
1556,35,1,203,6,0,Pro
4394,14,1,28,105,0,Pro
2856,10,4,88,4,0,Pro
509,40,46,853,1248,0,Pro
4721,16,5,142,18,0,Pro
2423,7,7,34,820,0,Pro
3018,7,1,235,45,0,Pro
3364,7,1,42,0,0,Pro
4481,1,1,4,0,0,Pro
1441,7,7,515,830,0,Pro
11,25,8,3213,2838,102,Pro
4632,9,1,43,1274,0,Pro
4567,5,2,113,184,0,Pro
1145,8,1,56,2,0,Pro
4633,9,1,43,0,0,Pro
2173,13,1,148,2328,0,Pro
2235,,1,,0,0,Pro
2911,37,1,0,2712,0,Pro
4234,2,2,86,84,0,Pro
4477,5,1,10,698,22,Pro
178,26,2,310,15192,480,Pro
4413,6,1,7,798,18,Pro
3054,30,26,233,4137,132,Pro
3437,7,50,208,147,0,Pro
4553,1,1,1,0,0,Pro
1106,33,1,3290,3411,117,Pro
489,181,68,9334,498,12,Pro
880,26,5,328,614,0,Pro
1803,17,2,257,13380,318,Pro
4457,11,2,246,19745,1364,Pro
2107,6,1,24,0,0,Pro
2404,61,19,634,3744,117,Pro
2971,22,1,247,0,0,Pro
1391,36,1,176,3268,72,Pro
4723,40,1,447,5808,138,Pro
2752,14,2,21,4109,147,Pro
209,122,1,9946,18,0,Pro
3033,5,1,12,948,16,Pro
875,51,6,941,0,0,Pro
453,24,23,426,1304,0,Pro
3178,,2,,0,0,Pro
4246,17,1,70,0,0,Pro
4186,3,32,163,1101,0,Pro
4849,520,1,1675,1764,72,Pro
1598,274,1205,6261,1678,68,Pro
2635,48,3,559,1216,0,Pro
4119,,1,,0,0,Pro
333,17,3,222,5904,162,Pro
1576,65,14,12806,1748,0,Pro
4097,6,1,37,0,0,Pro
4877,23,1,106,2832,78,Pro
4596,15,24,338,6,0,Pro
3028,78,102,3252,3450,0,Pro
4501,9,1,1,0,0,Pro
3445,5,1,117,446,0,Pro
2453,6,2,9,0,0,Pro
1457,54,7,724,9,0,Pro
4162,21,513,183,6,0,Pro
3183,6,2,131,3894,114,Pro
696,16,1,999,6,0,Pro
4761,12,1,198,90,0,Pro
4187,6,32,175,3756,102,Pro
1603,17,1,473,1768,32,Pro
1810,45,1,146,4614,171,Pro
552,58,3,535,4,0,Pro
2253,13,2,731,180,0,Pro
195,22,1,142,12936,434,Pro
2896,28,17,100,1580,60,Pro
2290,8,1,9,0,0,Pro
4298,20,3,291,121,0,Pro
553,,3,,0,0,Pro
565,44,30,323,49214,1056,Pro
2473,46,2,509,29,0,Pro
979,121,1,1594,0,0,Pro
1041,37,1,9364,4610,120,Pro
3539,12,1,12,888,0,Pro
450,11,1,409,8,0,Pro
1891,12,2,255,2394,0,Pro
2060,11,1,70,20,0,Pro
182,110,1,2564,120,0,Pro
1241,187,1,6761,2604,0,Pro
1979,35,12,135,5516,0,Pro
764,1,1,3,1863,0,Pro
1413,215,1,302,4355,350,Pro
4638,8,1,44,0,0,Pro
3007,22,4,197,25640,0,Pro
406,46,93,495,3024,60,Pro
2303,5,4,108,54,0,Pro
1830,56,1,4357,1920,0,Pro
3331,39,1,98,1790,65,Pro
910,65,47,341,902,26,Pro
1018,9,20,93,0,0,Pro
1195,16,2,111,5535,0,Pro
999,,4,,0,0,Pro
3538,34,8,62,104,0,Pro
3924,11,3,171,0,0,Pro
2995,89,44,2467,8028,112,Pro
186,143,19,3183,2944,0,Pro
4873,25,1,24,0,0,Pro
4182,34,1968,9989,13915,0,Pro
1664,23,2,85,3,0,Pro
3868,1,2,38,8,0,Pro
4128,80,1,1414,730,0,Pro
2612,5,2,709,5830,0,Pro
1823,30,3,396,354,0,Pro
1272,6,2,129,920,0,Pro
4613,32,1,4,0,0,Pro
3166,20,10,98,6603,102,Pro
3162,20,1,114,9132,0,Pro
2788,8,2,26,1036,0,Pro
4218,17,1,893,6075,108,Pro
1728,36,75,4576,1104,0,Pro
491,13,5,77,2,0,Pro
1386,4,1,16,20000,528,Pro
936,12,8,64,2037,0,Pro
2613,5,2,789,8635,209,Pro
2231,37,6,1029,0,0,Pro
1719,4,6,110,6280,192,Pro
1754,11,1,45,0,0,Pro
3858,10,1,16,5436,114,Pro
4522,10,1,7,6,0,Pro
3221,12,2,128,4,0,Pro
2521,113,1,9,3740,120,Pro
4452,151,192,6964,280,0,Pro
4636,28,1,228,330,0,Pro
2536,86,2,1206,1851,42,Pro
1732,34,87,11410,252,0,Pro
3036,18,1,43,822,0,Pro
4013,1,1,5,0,0,Pro
3389,13,1,68,75,0,Pro
4045,7,7,123,4,0,Pro
3753,14,1,105,333,0,Pro
4548,5,1,12,0,0,Pro
2754,5,1,18,0,0,Pro
4388,0,4,0,0,0,Pro
3338,31,11,238,0,0,Pro
812,9,4,47,306,0,Pro
2539,1,1,0,0,0,Pro
4239,23,4,342,12,0,Pro
2979,12,1,69,45,0,Pro
3416,14,1,0,485,0,Pro
1975,13,1,454,0,0,Pro
416,89,54,6684,0,0,Pro
1304,2,1,4,7,0,Pro
2359,15,1,80,310,0,Pro
2656,7,2,16,0,0,Pro
463,123,19,815,0,0,Pro
451,46,1,255,0,0,Pro
2991,8,1,14,0,0,Pro
1946,8,4,205,815,0,Pro
4673,10,1,101,1192,0,Pro
3295,10,3,48,696,0,Pro
4265,9,2,123,410,0,Pro
1201,15,28,112,6,0,Pro
3288,6,2,38,0,0,Pro
4421,3,1,3,4,0,Pro
2926,7,12,239,3344,0,Pro
1202,13,28,91,12,0,Pro
1766,19,1,60,0,0,Pro
1357,79,3,188,7,0,Pro
3612,2,1,3,0,0,Pro
2851,27,62,6896,528,0,Pro
3106,59,44,738,807,21,Pro
1274,,1,,0,0,Pro
1922,21,4,156,34,0,Pro
4069,4,3,112,666,54,Pro
2905,33,1,238,0,0,Pro
3519,9,1,86,620,14,Pro
4060,17,44,783,2581,65,Pro
3164,26,13,156,2592,66,Pro
2134,141,169,4968,400,35,Pro
4145,114,1,341,0,0,Pro
1579,27,1,337,0,0,Pro
679,36,2,402,20710,200,Pro
2025,60,3,883,35760,960,Pro
4062,,1,,0,0,Pro
3944,,17,,1321,0,Pro
3436,15,6,933,21876,1620,Pro
2732,20,11,57,32,0,Pro
1643,21,11,2187,3087,0,Pro
196,23,1,127,4800,0,Pro
2135,141,169,4960,6570,180,Pro
3495,15,3,432,0,0,Pro
4486,180,6,1071,852,0,Pro
2526,54,1,4219,0,0,Pro
3461,6,3,105,394,9,Pro
1902,6,1,11,2,0,Pro
194,12,2,165,0,0,Pro
1644,21,11,2187,1102,20,Pro
2468,1,4,79,0,0,Pro
1093,43,1,655,336,0,Pro
644,61,1,160,12000,480,Pro
3435,20,6,1440,36064,1960,Pro
4180,38,58,249,0,0,Pro
2805,6,1,24,3820,0,Pro
3268,17,1,194,0,0,Pro
4217,15,1,166,462,12,Pro
2941,4,1,5,0,0,Pro
3779,5,2,81,1408,48,Pro
4408,4,1,21,0,0,Pro
777,13,1,172,7,0,Pro
4071,21,4,595,3844,68,Pro
4687,7,5,133,2373,0,Pro
4631,9,2,160,0,0,Pro
2735,12,1,61,0,0,Pro
29,20,2,44,0,0,Pro
2120,16,1,131,456,0,Pro
1670,5,2,68,260,0,Pro
1635,19,3844,80,0,0,Pro
1139,33,3,195,20,0,Pro
3379,30,1,37,0,0,Pro
4305,166,6,5598,3820,0,Pro
1760,2130,5,87,1,0,Pro
1578,16,1,237,448,0,Pro
4257,,364,,0,0,Pro
3845,4,1,82,524,0,Pro
494,109,57,4483,68,0,Pro
4432,5,1,24,30,0,Pro
2760,22,1,63,161,0,Pro
1104,22,6,173,2,0,Pro
4714,3,1,18,3,0,Pro
31,36,2,134,4160,48,Pro
2416,16,1,434,56,0,Pro
4545,321,9,656,0,0,Pro
4311,3,1,5,0,0,Pro
2472,42,2,688,93,0,Pro
2545,23,2,296,528,12,Pro
1580,8,1,161,31779,781,Pro
1571,9,1,251,28536,0,Pro
2098,7,17,41,672,30,Pro
607,146,176,283,0,0,Pro
4407,,131,,0,0,Pro
1176,181,16,4210,20,0,Pro
1356,72,3,46,60,0,Pro
3163,14,1,70,1328,0,Pro
4431,10,1,42,0,0,Pro
4566,10,1,115,224,0,Pro
4228,87,24,609,18,0,Pro
589,12,1,238,3972,72,Pro
4513,15,1,160,1,0,Pro
1019,895,11860,63985,9540,132,Pro
1604,86,11832,53017,4595,70,Pro
1822,17,4,26,6234,114,Pro
1453,,16,,2224,0,Pro
837,75,112,741,412,0,Pro
3292,27,3,152,250,0,Pro
1503,19,1,32,1809,42,Pro
496,14,6,348,4,0,Pro
1392,955,1,1994,36,0,Pro
2350,57,3,331,2902,0,Pro
681,118,41,10792,108,0,Pro
1429,23,1,154,162,0,Pro
1669,5,2,51,12,0,Pro
2676,31,1,1223,12726,476,Pro
3328,89,6,7,681,0,Pro
2533,103,7,351,8916,248,Pro
1695,56,68,278,4412,24,Pro
1666,78,70,675,4,0,Pro
2947,116,228,2061,2049,13,Pro
1641,14,1,50,8384,0,Pro
4686,10,4,487,93,0,Pro
1090,21,1,9,0,0,Pro
4440,,1,,0,0,Pro
2599,3,1,15,615,0,Pro
3357,14,6,167,236,19,Pro
1736,25,4,454,0,0,Pro
986,30,1,940,0,0,Pro
285,11,1,225,32,0,Pro
1296,27,1,857,4668,36,Pro
2130,57,4,838,3,0,Pro
205,5,1,141,2330,0,Pro
3465,3,1,10,0,0,Pro
4251,133,37,8322,12432,0,Pro
1181,8,4,86,3650,60,Pro
3497,10,2,81,240,0,Pro
1867,117,145,2148,604,0,Pro
4630,67,1,38,0,0,Pro
2368,8,6,136,16389,0,Pro
3032,14,1,162,7636,144,Pro
1251,16,1,536,2370,0,Pro
1620,74,3,201,15,0,Pro
12,28,8,2372,0,0,Pro
2384,33,21,498,1,0,Pro
2670,17,30,936,0,0,Pro
2385,37,21,498,0,0,Pro
2353,,1,,0,0,Pro
2639,32,2,258,0,0,Pro
4529,17,2,42,0,0,Pro
4049,3,2,11,8,0,Pro
1028,5,2,12,2254,0,Pro
2690,9,7,400,21672,117,Pro
1220,19,2,41,1800,0,Pro
1529,63,10,326,17370,285,Pro
1208,11,1,63,5568,100,Pro
2789,8,2,25,0,0,Pro
3768,7,2,48,74,0,Pro
2300,12,2,150,30,0,Pro
4233,11,1,18,0,0,Pro
1401,27,9,156,9880,0,Pro
3652,3,13,18,8,0,Pro
2301,12,2,150,0,0,Pro
3202,24,1,3127,3236,38,Pro
3120,66,1,289,6,0,Pro
1027,91,8,387,2695,60,Pro
882,3,1,16,0,0,Pro
2770,6,1,18,0,0,Pro
4560,5,2,57,0,0,Pro
418,247,245,864,0,0,Pro
172,19,2088,16733,4416,0,Pro
1675,12,1,134,33,0,Pro
2992,1,4,433,0,0,Pro
312,21,14,7164,7970,0,Pro
1907,9,1,86,2,0,Pro
4166,12,2,17,3,0,Pro
3439,7,16,39,1360,0,Pro
3104,36,3,144,0,0,Pro
2215,15,1,523,1,0,Pro
2945,31,2,154,3274,36,Pro
4152,10,93,783,336,0,Pro
4109,67,230,882,6,0,Pro
4216,5,2,8,178,0,Pro
2641,8,3,736,6381,168,Pro
2119,29,6,1423,1748,264,Pro
563,211,1209,3069,0,0,Pro
1020,16,13,50,2814,56,Pro
1029,5,2,11,1644,0,Pro
564,231,1209,2167,2,0,Pro
2021,5,2,21,8,0,Pro
2226,24,4,572,2,0,Pro
834,12,3,81,42,0,Pro
887,40,6,236,0,0,Pro
4372,25,1,3304,13650,216,Pro
774,29,1,101,10,0,Pro
2494,20,3,71,21,0,Pro
4112,22,6,426,8631,0,Pro
1681,,17,,0,0,Pro
668,27,4,417,2,0,Pro
432,125,104,1619,0,0,Pro
302,79,107,17094,555,0,Pro
1265,224,111,671,1,0,Pro
909,14,3,805,0,0,Pro
793,47,55,796,22,0,Pro
2149,30,12,491,5190,84,Pro
4653,11,223,311,60,0,Pro
4384,8,1,74,6,0,Pro
1325,17,1,43,46,0,Pro
610,76,55,8764,0,0,Pro
1947,8,4,205,64,0,Pro
4867,45,1,520,374,0,Pro
3062,9,2,138,0,0,Pro
28,43,38,376,0,0,Pro
316,4,1,19,70,0,Pro
2604,8,1,231,230,0,Pro
421,29,8,528,0,0,Pro
1515,12,1,43,12,0,Pro
37,130,25,792,0,0,Pro
548,53,26,222,0,0,Pro
1384,18,2,48,54,0,Pro
1828,17,2,1185,4,0,Pro
750,25,2,127,30,0,Pro
1228,22,2,211,17,0,Pro
4846,167,116,4487,28,0,Pro
4844,842,699,7053,53,0,Pro
2667,12,2,60,15,0,Pro
888,39,6,214,0,0,Pro
1414,54,63,629,4130,280,Pro
3777,35,1,114,15,0,Pro
2121,13,1,273,0,0,Pro
614,20,1,315,0,0,Pro
1647,150,45,9829,0,0,Pro
4643,22,7,393,0,0,SuperPro
3384,6,1,25,0,0,SuperPro
2506,20,1,189,1632,504,SuperPro
5,2919,7507,48256,1700,0,SuperPro
4805,1,1,1,4428,270,SuperPro
147,198,810,9984,2916,0,SuperPro
3793,5,1,7,0,0,SuperPro
6,2919,7507,47255,4662,0,SuperPro
2005,23,1,253,0,0,SuperPro
2507,31,1,231,4,0,SuperPro
2054,7,1,99,618,42,SuperPro
2302,57,2,297,0,0,SuperPro
1475,56,6,625,25940,1240,SuperPro
2047,6,1,297,11416,504,SuperPro
516,899,433,6511,429,66,SuperPro
4788,403,3,1527,18440,510,SuperPro
752,313,26,1623,3871,154,SuperPro
2566,32,1,2913,19415,814,SuperPro
4858,167,1,2471,20527,962,SuperPro
1861,67,5,354,2,0,SuperPro
3458,4,1,8,0,0,SuperPro
3066,66,1,1134,14190,420,SuperPro
1890,10,1,143,1670,45,SuperPro
3864,32,1,1218,6408,64,SuperPro
2435,40,1,790,9075,420,SuperPro
2508,38,52,1993,39,0,SuperPro
2083,171,22,12980,8506,380,SuperPro
2146,136,1,16183,5296,0,SuperPro
3521,6,1,40,25920,0,SuperPro
4213,8,1,21,9030,0,SuperPro
1707,26,1,36,2000,0,SuperPro
4705,87,1,866,48,0,SuperPro
1360,40,4,331,46436,793,SuperPro
3771,15,3,25,726,0,SuperPro
3255,33,37,491,842,28,SuperPro
835,99,2,351,7854,0,SuperPro
3135,14,1,166,12036,360,SuperPro
1520,43,5,240,18599,0,SuperPro
3572,28,7,56,0,0,SuperPro
1858,,8,,4906,0,SuperPro
1683,15,3,1748,127323,10062,SuperPro
2615,226,68,15519,21708,702,SuperPro
3424,7,1,301,0,0,SuperPro
1442,,1,,0,0,SuperPro
2863,,4685,,2912,90,SuperPro
1426,14,1,741,10,0,SuperPro
2535,16,1,159,30,0,SuperPro
492,20,9,402,8,0,SuperPro
3590,5,1,23,259,0,SuperPro
515,929,433,25103,46965,1980,SuperPro
33,38,4,1669,23820,304,SuperPro
4851,29,1,1708,188892,7150,SuperPro
2125,1,1,4,0,0,SuperPro
3045,13,5,455,0,0,SuperPro
842,15,24,152,5775,0,SuperPro
3527,5,1,26,0,0,SuperPro
